Waktu Belajar,Nilai Siswa
4.370861069626263,60.823379771832094
9.556428757689245,98.79639408647978
7.587945476302646,93.29770563201687
6.387926357773329,68.49356442713105
2.4041677639819286,67.27299868828402
2.403950683025824,67.33618039413736
1.5227525095137953,72.1696897183815
8.795585311974417,80.99025726528951
6.41003510568888,77.27780074568463
7.372653200164409,71.64916560792167
